,index,smiles,activity,HIV_active
3999,3999,O=C(Nc1ccc(C=Cc2ccc(NC(=O)c3ccc(N=Nc4cc(S(=O)(=O)O)c5cccnc5c4O)cc3)cc2S(=O)(=O)O)c(S(=O)(=O)O)c1)c1ccc(N=Nc2cc(S(=O)(=O)O)c3cccnc3c2O)cc1.[NaH],CM,1
4000,4000,N#CCCN(CCC#N)c1ccc(C=C2SC(=S)NC2=O)cc1,CI,0
4001,4001,CC(C)=C(OP(C)(I)(N(C)C)N(C)C)C(C)(C)C(=O)N(C)C,CI,0
4002,4002,COc1cc2cccc(N=Cc3ccccc3Cl)c2cc1OC,CI,0
4003,4003,O=C(Cc1ccccc1)Nn1c(-c2ccccc2)nc2ccccc2c1=O,CM,1
4004,4004,COC(=O)C=CN1CC1,CI,0
4005,4005,COCc1cc(=O)oc2c3c(c4c(c12)OC(C)(C)C=C4)OC(C)C(C)C3O,CM,1
4006,4006,CC(NC(=O)C(C)C(=O)NCc1ccc(C(F)(F)F)cc1)C(N)=O,CI,0
4007,4007,CC1=[O+][Co-4]23(NCCN2CCCNC(=O)c2cccc4cc5ccccc5nc24)([O+]=C(C)C(C)=C(C)[OH+]3)[OH+]C(C)=C1C.[O-][Cl+3]([O-])([O-])[O-],CI,0
4008,4008,Clc1ccc(OCc2nnc(CCCCCCCCc3nnc(COc4ccc(Cl)cc4)o3)o2)cc1,CI,0
4009,4009,O=C1C(=Cc2ccc(O)c(O)c2)CCC1=Cc1ccc(O)c(O)c1,CI,0
4010,4010,[O-][Cl+3]([O-])([O-])O.c1ccc(-c2csc3n4ccccc4c[n+]23)cc1,CI,0
4011,4011,CC(C)C(Cl)=NOC(NC(=O)Nc1ccc(Cl)c(Cl)c1)(C(F)(F)F)C(F)(F)F,CI,0
4012,4012,Cc1ccc2nc(-c3ccc4nc(-c5ccc(N=Nc6ccc(-c7nc8ccc(-c9nc%10ccc(C)c(S(=O)(=O)O)c%10s9)cc8s7)cc6)cc5)sc4c3)sc2c1S(=O)(=O)O,CM,1
4013,4013,Cc1ccc(NC(=O)CC(=O)N2N=C(N(CCC#N)c3cccc(C)c3)CC2c2ccccc2)cc1,CI,0
4014,4014,C#CCOC(=O)C=[N+]=[N-],CI,0
4015,4015,Cc1cc2c(c(C#N)c1C)NC(=O)CN=C2c1ccccc1F,CM,1
4016,4016,CN(C)C(=N)NC(N)=S,CI,0
4017,4017,O=C1NC(=O)C(F)(n2cc(F)c(=O)[nH]c2=O)C(O)N1,CI,0
4018,4018,COC1OC(CO)C(O)C(OC(C)=O)C1NC(=O)N(CCCl)N=O,CI,0
4019,4019,CNC(C)C(N)c1ccccc1.O=C(O)C(O)C(O)C(=O)O,CI,0
4020,4020,Cc1c(C(=O)CC(=NNC(=O)C[n+]2ccccc2)C(=O)Nc2ccccc2)[n+]([O-])c2ccccc2[n+]1[O-].[Cl-],CI,0
4021,4021,Cc1ccn2c(N=O)c(-c3ccccc3)nc2c1,CM,1
4022,4022,CC1N=NC([S-])=NC1=O.[Cl-].[Pt],CM,1
4023,4023,CCOC(=O)CSc1nnc(C(Sc2nc(-c3ccccc3)c(-c3ccccc3)[nH]2)C(C)C)n1-c1ccccc1,CI,0
4024,4024,COC1N(C2CC(N=[N+]=[NH2+])C(CO)O2)C(=O)NC(=O)C1(C)I,CA,1
4025,4025,Cl.O=C(OCCN1CCCC1)c1cc2ccccc2[nH]1,CI,0
4026,4026,Cc1c(-c2ccccc2)c(=O)oc2ccc(Cl)cc12,CI,0
4027,4027,O=S(=O)(O)c1cc(N=Nc2cc(S(=O)(=O)O)c3ccccc3c2O)ccc1C=Cc1ccc(N=Nc2cc(S(=O)(=O)O)c3ccccc3c2O)cc1S(=O)(=O)O.[NaH],CA,1
4028,4028,COc1ccc(-n2sc3ncc(C)cc3c2=O)cc1,CM,1
4029,4029,COc1ccc(C=C(C#N)c2ccc([N+](=O)[O-])cc2)cc1OC,CM,1
4030,4030,Cl.c1ccc(CNc2ccc3[nH]c4cnccc4c3c2)cc1,CM,1
4031,4031,O=C(OCCc1ccccc1)c1ccc2c(O)c(O)ccc2c1,CI,0
4032,4032,CC(=O)C(N=Nc1nc2ccccc2[nH]1)C(C)=O,CI,0
4033,4033,Cc1ccn2c(N=O)c(-c3ccccc3)nc2c1,CM,1
4034,4034,O=C1C(=Cc2ccccc2)CCCc2ccccc21,CI,0
4035,4035,Cc1cc2[nH]c3nc(=N)nc(NS(=O)(=O)c4cc(C)c(Cl)cc4S)n3c2cc1C,CM,1
4036,4036,CCCCc1ccc(-n2sc3ncc([N+](=O)[O-])cc3c2=O)cc1,CM,1
4037,4037,CC(C)OP(=O)(OC(C)C)c1nc(-c2ccccc2)n(-c2ccc([N+](=O)[O-])cc2)n1,CI,0
4038,4038,COC(=O)N1CCCCC(CCC#CC[Si](C)(C)C)C1=O,CM,1
4039,4039,Cc1cc(O)c2c(c1)CC(O)C1=C2C(=O)c2c(O)ccc(OC3CC(O)C(OC4CC(OC5CCC(OC6CC(O)C(OC7CC(OC8CCC(O)C(C)O8)C(O)C(C)O7)C(C)O6)C(C)O5)C(O)C(C)O4)C(C)O3)c2C1=O,CI,0
4040,4040,Cc1cc(Nc2ccc(S(=O)(=O)O)c3cc(S(=O)(=O)O)cc(S(=O)(=O)O)c23)c2ccccc2n1.[NaH],CI,0
4041,4041,O=[N+]([O-])c1ccccc1C1SCc2nc3ccccc3n21,CM,1
4042,4042,O=C(Nc1ccn(C2CCC(CO)O2)c(=O)n1)c1ccccc1,CA,1
4043,4043,O=Nc1ccc2ccccc2c1N=Nc1ccccc1C(=O)O.[NaH],CI,0
4044,4044,COC(=O)C1Cc2c(n(C)c3ccccc23)C(CCC(=O)O)N1Cc1ccccc1,CI,0
4045,4045,O=c1[nH]c(=O)ss1,CM,1
4046,4046,CC(=O)C(=Cc1ccc(Br)cc1)C(C)=O,CI,0
4047,4047,CC1(CO)CCCC1NCCNC1CCCC1(C)CO,CM,1
4048,4048,COC(=O)C(O[Ge](C)(C)C)c1ccccc1,CI,0
4049,4049,CCCCCC=C(c1cc(Cl)c(OC)c(C(=O)O)c1)c1cc(Cl)c(OC)c(C(=O)O)c1.N,CM,1
4050,4050,CC1CC2C3CCC4=CC(=O)C=CC4(C)C3=CCC2(C)C1(O)C(=O)CO,CM,1
4051,4051,COc1cccc(C=C2SC(=S)N(C=C3C(=O)Oc4ccccc4C3=O)C2=O)c1O,CI,0
4052,4052,Cc1cn(CCOCCOC(=O)NC(CCCNC(N)=O)C(=O)O)c(=O)[nH]c1=O,CI,0
4053,4053,CCN(CCCN(CC)C(=O)Nc1c(C)cccc1C)C(=O)Nc1c(C)cccc1C,CI,0
4054,4054,Cc1ncc([N+](=O)[O-])n1CCNC(=O)CCn1ccnc1[N+](=O)[O-],CI,0
4055,4055,Cc1occc1C(=S)Nc1ccc(Cl)c(C(=O)OCC(F)(F)F)c1,CA,1
4056,4056,COC(=O)C(Cc1c[nH]c2ccccc12)NP(=O)(OC)OCC1OC(n2cc(C)c(=O)[nH]c2=O)CC1N=[N+]=[N-],CM,1
4057,4057,Cc1cccc(C)c1NC(=O)C(=O)C(C(=O)c1ccccc1-c1ccccc1)C1OC(=O)c2ccccc21,CI,0
4058,4058,Cl.N=C(c1ccc(-c2cn3cc(C(=N)N4CCCC4)ccc3n2)cc1)N1CCCC1,CM,1
4059,4059,CC1CC(C#N)=C2NCCCCN2C1=O,CI,0
4060,4060,COc1ccc2c(c1)CC1c3c(cc4c(c3-2)OCO4)CCN1C,CI,0
4061,4061,CC(=O)OCC1OC(n2ccc(-n3cncn3)nc2=O)CC1N=[N+]=[N-],CM,1
4062,4062,Cl.N=C(N)SSC(=N)N,CM,1
4063,4063,COc1nc2ncc(C(O)C(O)CO)nc2c(=O)n1C,CI,0
4064,4064,COc1cc2c(c(O)c1OC)C(=O)C1CCC(=O)N1C2,CM,1
4065,4065,Nc1c(S(=O)(=O)O)cc2cc(S(=O)(=O)O)ccc2c1N=Nc1ccc(C=Cc2ccc(N=Nc3c(N)c(S(=O)(=O)O)cc4cc(S(=O)(=O)O)ccc34)cc2S(=O)(=O)O)c(S(=O)(=O)O)c1.[NaH],CA,1
4066,4066,O=c1[nH]nc(-c2ccc3ccccc3c2)[nH]1,CM,1
4067,4067,CCC1(c2ccccc2)Oc2ccccc2-n2cccc2C1=O,CA,1
4068,4068,O=C1NC(=O)C(=CN2C(=O)C(=Cc3ccc([N+](=O)[O-])cc3)SC2=S)C(=O)N1,CI,0
4069,4069,O=C(O)CCSSCCC(=O)O,CI,0
4070,4070,COC1CC(CC2CCC(C)C(C(C)C(=O)O)O2)OC2(OC(C)(C3CCC(C)(C4OC(C5OC(O)(CO)C(C)CC5C)CC4C)O3)CC2C)C1C,CM,1
4071,4071,CCCCC1c2c([nH]c3ccccc23)C2C(=O)N(c3ccc(OC)cc3)C(=O)C2C1CCC,CI,0
4072,4072,Cc1cc(O)nc(NN2C(Cl)C(=O)C2c2ccc(Cl)cc2)n1,CI,0
4073,4073,CCOC(=O)C(=Cc1cccc(OC)c1)N(CC)CC,CI,0
4074,4074,CC(=O)c1ccc2c(c1)N(CCCN1CCN(CCO)CC1)c1ccccc1S2.O=C(O)C=CC(=O)O,CI,0
4075,4075,COC(=O)C1=C(C(=O)OC)NC=C2CCCC2=N1,CI,0
4076,4076,COC(=O)c1cc(C(=CCCBr)c2cc(Cl)c(OC)c(C(=O)OC)c2)cc(Cl)c1OC,CM,1
4077,4077,S=c1[nH]n2c(CCCCCCCCc3nnc4sc(=S)[nH]n34)nnc2s1,CM,1
4078,4078,Cc1occc1C(=S)Nc1ccc(Cl)c(C(=O)OCC2CC2)c1,CA,1
4079,4079,C[N+](C)(C)CC(=O)NN=C(C(=O)Nc1ccc(Br)cc1)C1C(=O)NC(=O)NC1=O,CI,0
4080,4080,COC(=O)CCCC=C(c1cc(Br)c(OC)c(C(=O)OC)c1)c1cc(Br)c(OC)c(C(=O)OC)c1,CA,1
4081,4081,Cc1noc(C(F)(F)Sc2ncccn2)n1,CM,1
4082,4082,COc1ccc2nc(-c3ccccc3)cc(N=[N+]=[N-])c2c1,CI,0
4083,4083,Cc1cc(S(=O)(=O)NC2=NCCCN2)c(S)cc1Cl,CM,1
4084,4084,COc1c2c(cc3oc(C)cc(=O)c13)OC(=N)C(C(N)=O)C2CC(=O)c1ccc(N)cc1,CM,1
4085,4085,O=C(OCC(Cl)(Cl)Cl)OC1CCCC1(c1ccccc1)c1ccccc1,CI,0
4086,4086,CC1=NN(c2ccc(S(=O)(=O)O)cc2)C(=O)C1N=Nc1ccc(-c2ccc(N=Nc3ccc(OS(=O)(=O)c4ccc(C)cc4)cc3)c(S(=O)(=O)O)c2)cc1,CM,1
4087,4087,COc1ccc(Nc2nc(NNC(=O)Cc3ccccc3)nc(NNC(=O)c3ccncc3)n2)cc1,CM,1
4088,4088,COc1ccc(C2OC(N)=C(C#N)C3=C2C(C)CCC3)cc1OC,CM,1
4089,4089,CCN(CC)CCCNc1nccc2c(C)c3c(cc12)c1cnccc1n3C.O=C(O)C=CC(=O)O,CI,0
4090,4090,CC(C)CCCC(C)C1CCC2C3CC=C4CC(OCCCCN(O)CCCSC5OC(CO)C(O)C(O)C5O)CCC4(C)C3CCC12C,CI,0
4091,4091,O=C(Cn1cc(F)c(=O)[nH]c1=O)C12CC3CC(CC(C3)C1)C2,CI,0
4092,4092,Cc1ccc(S(=O)(=O)OC2C3CCC4C(COC42)C3)cc1,CM,1
4093,4093,CSc1s[s+]c(SC)c1-c1ccccc1,CM,1
4094,4094,CCC1(CCCC=C(c2cc(Cl)c(OC)c(C(=O)OC)c2)c2cc(Cl)c(OC)c(C(=O)OC)c2)OCCO1,CI,0
4095,4095,Cc1ccc(C(=O)C=Cc2cccc([N+](=O)[O-])c2)cc1,CI,0
4096,4096,COc1ccc(C2OC(N)=C(C#N)C3=C2C(C)CCC3)cc1OC,CM,1
4097,4097,COc1cc(C2c3cccc4cccc(c34)C3CCC(=O)N32)cc(O)c1O,CM,1
4098,4098,CN1C(c2ccccc2)=CC(=O)C(O)=C(c2ccccc2)S1(=O)=O,CI,0
4099,4099,CCC1NC(=O)C(C(O)C(C)C)N(C)C(=O)C(C(C)C)N(C)C(=O)C(CC(C)C)N(C)C(=O)C(CC(C)C)N(C)C(=O)C(C)NC(=O)C(CCCCNC(=O)OCc2ccccc2Cl)NC(=O)C(CC(C)C)N(C)C(=O)C(C(C)C)NC(=O)C(CC(C)C)N(C)C(=O)C(CO)N(C)C1=O,CM,1
4100,4100,COc1nc(=O)n(C2CC(F)C(CO)O2)cc1C,CM,1
4101,4101,COc1ccc(C(=O)Cc2nc3n[nH]c(=N)n3nc2CC(=O)c2ccc(OC)cc2)cc1,CI,0
4102,4102,CCOC(=O)c1ccc(NC(=O)Nc2ccc(Cl)cn2)cc1,CI,0
4103,4103,CCOC(=O)N1N=C(c2ccccc2)OC2(N3CCOCC3)CCC(C(C)(C)C)CC12,CM,1
4104,4104,CCOC(=O)c1c(N)sc2c1CCCCC2,CI,0
4105,4105,COc1cccc2c1C(=O)c1c(O)c3c(c(O)c1C2=O)CC(O)(C(=O)CO)CC3OC1CC(N)C(O)C(C)O1,CI,0
4106,4106,N.O=C(O)c1cc(C(=C(c2cc(Cl)c(O)c(C(=O)O)c2)c2cc(Cl)c(O)c(C(=O)O)c2)c2cc(Cl)c(O)c(C(=O)O)c2)cc(Cl)c1O,CM,1
4107,4107,COc1ccccc1NC(=O)C(=CNC(=S)NNC(C)=O)C(C)=O,CI,0
4108,4108,Cc1cc(S(=O)(=O)Nc2nc(=N)n(-c3ccccn3)[nH]2)c(S)cc1Cl,CM,1
4109,4109,OCCc1ccccc1Cn1cnc2c(O)ncnc21,CI,0
4110,4110,CCOCC(NC(=O)C(CC(C)C)NC(=O)OC(C)(C)C)C(N)=O,CI,0
4111,4111,CC(O)C(NC(=O)C(CCCCN)NC(=O)C(CC(=O)O)NC(=O)C(N)Cc1ccccc1)C(=O)NC(CO)C(=O)NC(CC(N)=O)C(=O)NC(CO)C(=O)N1CCCC1C(=O)NC(Cc1ccc(O)cc1)C(=O)NC(Cc1c[nH]cn1)C(=O)NC(Cc1ccccc1)C(=O)O,CI,0
4112,4112,Cl[Ho](Cl)Cl,CI,0
4113,4113,CC(C)C1CN1CC(O)Cn1ccnc1[N+](=O)[O-],CI,0
4114,4114,S=C(NN=C1C(NNC(=S)NC23CC4CC(CC(C4)C2)C3)=Nc2ccccc21)NC12CC3CC(CC(C3)C1)C2,CI,0
4115,4115,COc1ccc(-n2c(N)c(C#N)c(C#N)c2-c2cccc([N+](=O)[O-])c2)cc1,CI,0
4116,4116,C[n+]1c(-c2ccc(C=NNC(=N)NN=Cc3ccc(-c4cn5ccsc5[n+]4C)cc3)cc2)cn2ccsc21.Cl.[Cl-],CM,1
4117,4117,Cl.Clc1ccc(C2c3ccccc3-c3nc4ccccc4n32)cc1,CI,0
4118,4118,O=C(O)c1ccccc1N=NNc1ccc(C=Cc2ccc(N=NNc3ccccc3C(=O)O)cc2S(=O)(=O)O)c(S(=O)(=O)O)c1.[NaH],CA,1
4119,4119,COc1cc(COC(=O)N2CSCC2C(=O)O)c([N+](=O)[O-])cc1OC,CI,0
4120,4120,COC(=O)C1=C(C(=O)OC)c2cc(OC)ccc2C(C(=S)N(C)C)S1,CI,0
4121,4121,CCc1ccc(Nc2cc(O)nc(SCc3ccccc3)n2)cc1,CM,1
4122,4122,Cc1nc(O)nc(O)c1C(=O)O,CI,0
4123,4123,O=[N+]([O-])c1ccc2[nH]nc(OCc3ccccn3)c2c1,CM,1
4124,4124,CC1(C)CC(N2CCN(C3CC(C)(C)NC(C)(C)C3)CC2)CC(C)(C)N1,CI,0
4125,4125,COc1c(Cl)cc(Cc2cc(C(=CCCC3CCC4(C)C(CCC5C4CCC4(C)C(C(C)CCCC(C)C)CCC54)C3)c3cc(Cc4cc(Cl)c(OC)c(C(=O)O)c4)c(OC)c(C(=O)O)c3)cc(C(=O)O)c2OC)cc1C(=O)O.[NaH],CM,1
4126,4126,COc1cc(C=CC(=NNC(=O)c2ccccc2)c2sc(Nc3ccc(Cl)c(Cl)c3)nc2C)ccc1O,CI,0
4127,4127,O=[N+]([O-])C=C(CS(=O)(=O)c1ccccc1)c1ccc2c(c1)OCO2,CM,1
4128,4128,O=S(=O)(c1ccccc1)N1C2CCCC21,CI,0
4129,4129,CCOC(=O)C(C(=O)c1ccccc1)=C1NCCN1,CM,1
4130,4130,C[N+](C)([O-])Cc1cccc(NC(=O)c2ccc(C(=O)Nc3cccc(C[N+](C)(C)[O-])c3)cc2)c1,CI,0
4131,4131,Cc1occc1C(=S)Nc1ccc(Cl)c(OCC(=O)OC(C)(C)C)c1,CA,1
4132,4132,COc1ccc(N2C(=O)C3c4[nH]c5ccc(C)cc5c4C4CCC(C(C)(C)C)CC4C3C2=O)cc1,CA,1
4133,4133,Cc1cn(C2CC3C(COC(CCC[Se]c4ccccc4)N3O)O2)c(=O)[nH]c1=O,CM,1
4134,4134,Cc1cccc2c(N)c3cccc(C(=O)NCCNCCN)c3nc12.Cl,CI,0
4135,4135,Cc1cc(C)cc(Sc2c([N+](=O)[O-])ncn2C)c1,CI,0
4136,4136,COc1ccc(N2C(=O)C3c4[nH]c5ccc(C)cc5c4C4CCC(C(C)(C)C)CC4C3C2=O)cc1,CA,1
4137,4137,CC(=O)Oc1cc(S(=O)(=O)Nc2nc(=N)[nH][nH]2)c(S)cc1Cl,CI,0
4138,4138,O=[N+]([O-])c1ccc2[nH]nc(OCc3ccccn3)c2c1,CM,1
4139,4139,COc1ccc(C(=NOCCCC(=O)O)c2cccs2)cc1,CI,0
4140,4140,c1ccc2c(c1)C1CCCCCC21N1CCOCC1,CI,0
4141,4141,CCCCCC=C(c1cc(Br)cc(C(=O)O)c1O)c1cc(Br)cc(C(=O)O)c1O.N,CM,1
4142,4142,Cc1cc2c(c(S(=O)(=O)c3ccccc3[N+](=O)[O-])c1)NCCC2,CA,1
4143,4143,O=C(Nc1nc(O)c2ncn(C3OC(CO)C(O)C3O)c2n1)c1ccccc1,CI,0
4144,4144,Cl.Nc1cc([As]=O)ccc1O,CA,1
4145,4145,CCC1=CC(OCc2ccccc2)C(CCN(Cc2ccccc2)C(=O)OCc2ccccc2)C1,CI,0
4146,4146,COc1ccc(N=NC(=NNC(=O)c2cc(Br)ccc2O)c2ccc(N(CCC#N)CCC#N)cc2OC)cc1,CI,0
4147,4147,COC(=O)C1=C(O)C(O)=C(C(=O)OC)CC1.[NaH],CM,1
4148,4148,CC(=O)c1ccc2c3c(ccc([N+](=O)[O-])c13)C(=O)OC2=O,CI,0
4149,4149,CC1(CO)CCCC1NCCNC1CCCC1(C)CO,CM,1
4150,4150,COc1cc2c(c([N+](=O)[O-])c1)NC(=O)CCS2,CI,0
4151,4151,O=C1OC2C(O)OC3COC(=O)c4cc(O)c(O)c(O)c4-c4c(O)c(O)c5oc(=O)c6c(c(O)c(O)c7oc(=O)c4c5c76)-c4c(cc(O)c(O)c4O)C(=O)OC3C2OC(=O)c2cc(O)c(O)c(O)c2-c2c1cc(O)c(O)c2O,CA,1
4152,4152,O=C(Nc1ccn(C2CCC(CO)O2)c(=O)n1)c1ccccc1,CA,1
4153,4153,COC(=O)C(CC(=O)Nc1ccc(C)cc1)C(=O)C(=O)Nc1ccccc1C(C)C,CI,0
4154,4154,O=S(=O)(Nc1nc2ccccc2n1S(=O)(=O)c1ccccc1)c1ccccc1,CM,1
4155,4155,CCCc1cc(=O)oc2c3c(c4c(c12)OC(C)(C)C=C4)OC(C)C(C)C3O,CA,1
4156,4156,CC1=NOCC1=NNc1ccc(C(C)=NC2C3CC4CC(C3)CC2C4)cc1,CI,0
4157,4157,COc1cc(-c2c(C)c(C)nc(OC)c2C#N)cc(OC)c1OC,CA,1
4158,4158,CCOC(=O)C1=C(O)C(=O)c2cc(OC)ccc2C1=O,CI,0
4159,4159,COC(=O)C(C(=O)C(=O)Nc1c(Cl)cc([N+](=O)[O-])cc1Cl)c1csc(-n2nc(C3=CCCCC3)cc2-c2ccccc2)n1,CI,0
4160,4160,C=C(C)C12CC(C)C34OC(C=CC=CCCCCCCCCC)(OC1C3C1OC1(CO)C(O)C1(O)C(=O)C(C)=CC14)O2,CM,1
4161,4161,CCOC(=O)c1c(SCc2cc(O)nc(O)n2)n(-c2ccccc2)c(=S)n(-c2ccccc2)c1=O,CM,1
4162,4162,CC1=C(C(=O)NCCCN(CCO)CCO)CC(C(=O)NCCCN(CCO)CCO)=C(C)N1,CI,0
4163,4163,O=S(=O)(SC1=NCCN1)c1ccc2ccccc2c1,CM,1
4164,4164,CN(C)c1cc(CNCCS)nc(CNCCS)c1.Cl,CI,0
4165,4165,O=C(Nc1ccc(S(=O)(=O)c2ccc(NC(=O)c3ccc(N=Nc4cc(S(=O)(=O)O)c5cccnc5c4O)cc3S(=O)(=O)O)cc2)cc1)c1ccc(N=Nc2cc(S(=O)(=O)O)c3cccnc3c2O)cc1S(=O)(=O)O.[NaH],CA,1
4166,4166,Oc1nc(Nc2nc3ccccc3[nH]2)nc(O)c1-c1ccccc1,CM,1
4167,4167,COC(=O)c1c(C)c2c(c(C)c1O)OC(=O)c1c(C)cc(O)c(C=O)c1O2,CM,1
4168,4168,COc1cccc(N2N=C3c4ccccc4-n4c(nc5ccccc54)C3C2N)c1,CI,0
4169,4169,N#Cc1c(S)nc2c(c1-c1cccc3ccccc13)CCCC2,CM,1
4170,4170,Cc1ccc(C=C2N=C(NN=Cc3ccccc3)NC2=O)cc1,CI,0
4171,4171,Cl.Cn1cc(NC(=O)c2cc(NC(=O)CCCCCCCCCCC(=O)Nc3cc(C(=O)Nc4cc(C(=O)NCCC(=N)N)n(C)c4)n(C)c3)cn2C)cc1C(=O)NCCC(=N)N,CM,1
4172,4172,Cc1cc2[nH]c3nc(=N)nc(NS(=O)(=O)c4cc(C)c(Cl)cc4S)n3c2cc1C,CM,1
4173,4173,C=CC1(c2ccc3ccccc3c2)OCC(CC)(CC)CO1,CI,0
4174,4174,CCCCN(CCCC)C(=O)COc1cc2c(O)c3c(O)c(C)c4c(c13)C(=O)C(C)(OC=CC(OC)C(C)C(OC(C)=O)C(C)C(O)C(C)C(O)C(C)C=CC=C(C)C(=O)N2)O4,CI,0
4175,4175,COc1cc(OC)cc(Oc2nc3cc(F)c(F)cc3nc2-c2ccccc2)c1,CI,0
4176,4176,c1ccc(-c2cnnc3c4ccccc4nn23)cc1,CI,0
4177,4177,CCc1c(Cc2cc(C)cc(C)c2)n(COCCO[Si](C)(C)C(C)(C)C)c(=O)[nH]c1=O,CA,1
4178,4178,Cc1cn(C2CCC(CO)(CF)O2)c(=O)[nH]c1=O,CI,0
4179,4179,CC(C)C(C(=O)O)n1[se]c2ccccc2c1=O,CM,1
4180,4180,Nc1c(N=Nc2ccc(S(=O)(=O)c3ccc(N=Nc4cc(S(=O)(=O)O)c5cccc(S(=O)(=O)O)c5c4N)cc3)cc2)cc(S(=O)(=O)O)c2cccc(S(=O)(=O)O)c12.[NaH],CA,1
4181,4181,O=C1c2ccccc2CCCC12OC2c1cccnc1,CI,0
4182,4182,CC(C)N(CN1C(=O)NC(=Cc2cccc(C=C3NC(=O)N(CN(C(C)C)C(C)C)C3=O)c2)C1=O)C(C)C,CM,1
4183,4183,CC1CCN(CCCCCNC(=O)C(c2ccccc2)C2CCCCC2)CC(C)(C)C1,CI,0
4184,4184,Cc1cn(C2CC(N=[N+]=[N-])C(COC(=O)CCCCCCCCCCCBr)O2)c(=O)[nH]c1=O,CA,1
4185,4185,COc1ccc(Nc2nc(C#N)c(N)s2)cc1,CI,0
4186,4186,CC1(Br)C(=O)NC(=O)N(C2CC(N=[N+]=[N-])C(CO)O2)C1N=[N+]=[N-],CA,1
4187,4187,COc1cc(-c2cc(=O)c3c(C)cc(O)cc3o2)cc(OC)c1OC,CM,1
4188,4188,O=C(Nc1ccc([N+](=O)[O-])cc1)N(c1ccccc1)c1cc(N2CCOCC2)ccn1,CI,0
4189,4189,c1ccc(CC(c2ccccc2)N2CCOCC2)cc1,CI,0
4190,4190,N.O=C(O)c1cc(Cc2cc(C(c3ccc(O)c(C(=O)O)c3)c3ccc(O)c(C(=O)O)c3)cc(C(=O)O)c2O)ccc1O,CM,1
4191,4191,COC(=CN=Nc1nc(C#N)c(C#N)[nH]1)OC,CI,0
4192,4192,O=C(O)C1CSCN1C(=O)C1CCC(=S)N1,CI,0
4193,4193,CCN(CC)CCn1c(=O)c2cccnc2n2c3c(=O)n(C)c(=O)n(C)c3nc12,CM,1
4194,4194,CN(C(=O)C12C3(C(=O)O)C4C5(C(=O)O)C3C1(C(=O)O)C5C42C(=O)O)C(C)(C)C,CI,0
4195,4195,COc1cc(O)c(C=NO)c(OC)c1,CI,0
4196,4196,CNc1ccccc1S(=O)(=O)c1ccccc1Cl,CM,1
4197,4197,O=C(CC1(O)C(=O)Nc2c(Cl)cc(Cl)cc21)c1cccc2ccccc12,CI,0
4198,4198,N=c1[nH]c2c(ncn2C2CCC(CO)O2)c(=O)n1C(=O)c1ccccc1,CM,1
4199,4199,CN1C(=O)C(O)(CC(=O)c2ccccc2)c2ccccc21,CI,0
4200,4200,Cc1cc2c(cc1Cl)Sc1nccn1S2(=O)=O,CM,1
4201,4201,Cc1cn(C2CC(=CC#N)C(CO[Si](C)(C)C(C)(C)C)O2)c(=O)[nH]c1=O,CI,0
4202,4202,Cc1cn(CCCCOC(=O)NC(CCCNC(N)=O)C(=O)O)c(=O)[nH]c1=O,CI,0
4203,4203,Cc1cc(-c2ccc(N=Nc3cc(S(=O)(=O)O)c4cccnc4c3O)c(C)c2)ccc1N=Nc1cc(S(=O)(=O)O)c2cccnc2c1O.[NaH],CM,1
4204,4204,COc1cc(-c2nn3c(C)c(-c4ccccc4)nc3s2)cc(OC)c1OC,CM,1
4205,4205,COc1ccc(CNc2cnc3ccc(N)cc3n2)cc1,CI,0
4206,4206,O=[N+]([O-])c1ccccc1C1SCc2nc3ccccc3n21,CM,1
4207,4207,Cc1ccc(S(=O)(=O)NC(=N)N(C)N=O)cc1,CI,0
4208,4208,Cl.O=c1oc2c3ccc4ccccc4c3n(CCCN3CCCCC3)c2c2ccccc12,CI,0
4209,4209,CC(C)CCCC(C)C1CCC2C3CCC4CC(CCC=C(c5cc(F)c(O)c(C(=O)O)c5)c5cc(F)c(O)c(C(=O)O)c5)CCC4(C)C3CCC12C.N,CM,1
4210,4210,CCOP(=O)(OCC)C(C#N)=Cc1cccn1N(C)C,CM,1
4211,4211,CCOC(=O)c1c2ccccc2n2c(=O)n(-c3ccc(OC)cc3)nnc12,CM,1
4212,4212,COc1ccc(-c2nc(-c3cnccn3)n(Cc3ccccc3)n2)cc1,CM,1
4213,4213,O=S(=O)(c1ccc(Br)cc1)S(=O)(=O)c1ccc(Br)cc1,CI,0
4214,4214,Nc1nc(O)c2ncn(C3CCC(CO)O3)c2n1,CA,1
4215,4215,O=C(Nc1ccccc1)c1cc(S(=O)(=O)Nc2n[nH]c(=O)n2-c2ccccc2)c(S)cc1Cl,CM,1
4216,4216,CC1(C)CC(=O)c2c(nc(SSc3nc4c(c(-c5ccc(Br)cc5)c3C#N)C(=O)CC(C)(C)C4)c(C#N)c2-c2ccc(Br)cc2)C1,CM,1
4217,4217,CC(C)CCCC(C)C1CCC2C3CCC4CC(CCC=C(c5cc(Cl)c(O)c(C(=O)O)c5)c5cc(Cl)c(O)c(C(=O)O)c5)CCC4(C)C3CCC12C.N,CA,1
4218,4218,COC(=O)c1ccc(NCc2c(O)ccc(O)c2Br)cc1Cl,CM,1
4219,4219,Cc1cc2c(cc1-c1cc3c(cc1C)C(C(C)C)=C(O)C(=O)C3=CNCC1CCCN3CCCCC13)C(=CNCC1CCCN3CCCCC13)C(=O)C(O)=C2C(C)C,CM,1
4220,4220,Cc1cn(C2CC(N=[N+]=[N-])C(COP(=O)(O)OCC3CCC(n4ccc(=N)[nH]c4=O)O3)O2)c(=O)[nH]c1=O,CA,1
4221,4221,Cc1cn(C2CC3C(COC(=O)N3O)O2)c(=O)[nH]c1=O,CM,1
4222,4222,Cc1cccc2c(N)c3cccc(C(=O)NCCCNCCN)c3nc12.Cl,CI,0
4223,4223,O=C1[OH+][Pt-2]2(NC3CCCCC3N2)[OH+]C1=O,CI,0
4224,4224,COc1ccc(C=Cc2cc(OC)c(OC)c(OC)c2)cc1OC(=O)C(N)CCC(=O)O.Cl,CI,0
4225,4225,O=C(Nc1cccc(F)c1)c1c(O)nc(S)nc1O,CI,0
4226,4226,Cc1cn(C2CC(N=[N+]=[N-])C(C(=O)O)O2)c(=O)[nH]c1=O,CA,1
4227,4227,O=C(O)Cc1ccc2c(c1)sc1nc(-c3ccc(Br)cc3)cn12,CI,0
4228,4228,O=C(NC=C(c1ccccc1)S(=O)Cc1ccccc1)Nc1ccccc1Cl,CM,1
4229,4229,Clc1ncnc2c1ncn2CCCCCCCCCCCCn1cnc2c(Cl)ncnc21,CI,0
4230,4230,CN1CC(C)(C)C(O)c2ccccc21,CI,0
4231,4231,CC1SC(c2c(F)cccc2F)n2c1nc1ccccc12,CA,1
4232,4232,Cc1ccc(S(=O)(=O)c2ccc(C)cc2[N+](=O)[O-])c([N+](=O)[O-])c1,CI,0
4233,4233,Ic1cc2c(cc1C1SCCCS1)OCO2,CI,0
4234,4234,COc1ccc(OC)c2c1-c1nnnn1CCC2(C)C,CM,1
4235,4235,CCCN(CCC)C(=O)c1nc(N)nc(-c2ccc(OC)cc2)c1-c1ccc(OC)cc1,CI,0
4236,4236,Cc1cc(S(=O)(=O)Nc2nc(=N)n(-c3ccccc3)[nH]2)c(S)cc1Cl,CM,1
4237,4237,Cc1cn(C2CC(F)C(CO)O2)c(=O)[nH]c1=O,CA,1
4238,4238,Cn1c2ccccc2c(=O)c2c(O)cc3c(c21)C=CC1(CCCC1)O3,CM,1
4239,4239,Nc1c(O)c(S(=O)(=O)O)c(O)c2c1C(=O)c1ccccc1C2=O,CM,1
4240,4240,COc1cccc(C=C2C(=O)NC(=O)NC2=O)c1,CI,0
4241,4241,O=C(C(=O)c1cc(-c2ccccc2)nc2ccc3ccccc3c12)c1ccccc1,CI,0
4242,4242,CC1(Br)C(=O)NC(=O)N(C2CC(N=[N+]=[N-])C(CO)O2)C1N=[N+]=[N-],CA,1
4243,4243,Cc1cc(C)c(S(=O)(O)=[OH+])c(C)c1.N[S+]1Cc2nc3ccccc3n2C1c1c(F)cccc1F,CM,1
4244,4244,CNCCSS(=O)(=O)CCNC,CM,1
4245,4245,Cc1cc2ccc(=O)oc2c2c1OC(C)(C)C(OC(=O)C13CCC(C)(C(=O)O1)C3(C)C)C2OC(=O)C12CCC(C)(C(=O)O1)C2(C)C,CA,1
4246,4246,Oc1ccccc1C1[N+]2=Cc3ccccc3[OH+][Zr]23456([OH+]c2ccccc2C=[N+]13)[OH+]c1ccccc1C=[N+]4C(c1ccccc1O)[N+]5=Cc1ccccc1[OH+]6,CI,0
4247,4247,CC(=O)OCC1OC(N2C(c3ccccc3)=CC(c3ccco3)C(C#N)=C2S)C(OC(C)=O)C(OC(C)=O)C1OC(C)=O,CM,1
4248,4248,O=[N+]([O-])c1ccccc1S(=O)(=O)Oc1ccccc1,CM,1
4249,4249,Cc1cc2c(cc1O)CCC1C2CCC2(C)C(O)CCC12,CI,0
4250,4250,Cc1ccc(Nc2cccc3c2C(=O)c2cccc(Nc4ccc(C)cc4S(=O)(=O)O)c2C3=O)c(S(=O)(=O)O)c1,CM,1
4251,4251,COc1ccc2c(ccc3c(C(=O)NCCN(C)CCNC(=O)c4cn(C)c5c4ccc4cc(OC)ccc45)cn(C)c32)c1,CI,0
4252,4252,COc1cc2c[n+](C)c3c4cc(OC)c(OC(C)C)cc4ccc3c2cc1OC.[Cl-],CI,0
4253,4253,Clc1nc(Cl)nc(Nc2ncccn2)n1,CI,0
4254,4254,Cc1cn(COCCCO[Si](C)(C)C(C)(C)C)c(=O)[nH]c1=O,CM,1
4255,4255,CN1CCN(C(=S)N(C(=O)c2ccc(Cl)cc2)c2ccccc2)CC1,CI,0
4256,4256,CC1(C)CCCC2C1=NOC2O,CI,0
4257,4257,CCc1nc2ccc(N=NN(C)C)cc2[nH]1,CM,1
4258,4258,O=C1c2ccccc2S(=O)(=O)c2ccccc21,CM,1
4259,4259,COc1cc2c(c3c1C=CCO3)C(=O)c1ccccc1C2=O,CI,0
4260,4260,COCCCCCCCCCCCC(=O)OCC1OC(n2cc(C)c(=O)[nH]c2=O)CC1F,CA,1
4261,4261,O=C(NNC(=O)c1ccccc1SSc1ccccc1C(=O)NNC(=O)c1ccccc1S)c1ccccc1S,CM,1
4262,4262,CC1=NN2C=Nc3c(c(-c4ccc(Cl)cc4)cn3-c3ccc(C)cc3)C2N1,CI,0
4263,4263,CSc1nc2c(c(N(C)C)n1)C=Nn1c(nc3ccccc31)S2,CA,1
4264,4264,Sc1nc(Nc2ccc(Cl)cc2)c2c3c(sc2n1)CCCC3,CM,1
4265,4265,O=c1c2cc([N+](=O)[O-])cnc2sn1-c1ccc(Oc2ccccc2)cc1,CM,1
4266,4266,O=C(O)c1cc(N=Nc2ccc(C=Cc3ccc(N=Nc4cc(C(=O)O)c(O)c5ccccc45)cc3S(=O)(=O)O)c(S(=O)(=O)O)c2)c2ccccc2c1O.[NaH],CM,1
4267,4267,O=C1C(=Cc2cccc([N+](=O)[O-])c2)Cc2ccccc21,CI,0
4268,4268,COc1ccc(-n2sc3ncc(C)cc3c2=O)cc1,CM,1
4269,4269,COc1cccc(C(CC(O)(C(F)(F)F)C(F)(F)F)=NN(C)C)c1,CI,0
4270,4270,CCc1ccccc1NC(=O)CC1NC(=O)CS1,CI,0
4271,4271,C=C1CC2OC2(C(=O)OC2CCC3C4CCC5=CC(=O)CCC5(C)C4CCC23C)C1=O,CI,0
4272,4272,FC(F)(Sc1ccccn1)c1nc2ccccc2o1,CM,1
4273,4273,Cc1cc(C)c(S(=O)(O)=[OH+])c(C)c1.N[S+]1Cc2nc3ccccc3n2C1c1c(F)cccc1F,CM,1
4274,4274,O=C(O)CCCCCCCc1ccc(C(=O)OCC2OC3OC4C(COC(=O)c5ccc(CCCCCCCC(=O)O)cc5)OC(OC5C(COC(=O)c6ccc(CCCCCCCC(=O)O)cc6)OC(OC6C(COC(=O)c7ccc(CCCCCCCC(=O)O)cc7)OC(OC7C(COC(=O)c8ccc(CCCCCCCC(=O)O)cc8)OC(OC8C(COC(=O)c9ccc(CCCCCCCC(=O)O)cc9)OC(OC2C(OS(=O)(=O)O)C3OS(=O)(=O)O)C(OS(=O)(=O)O)C8OS(=O)(=O)O)C(OS(=O)(=O)O)C7OS(=O)(=O)O)C(OS(=O)(=O)O)C6OS(=O)(=O)O)C(OS(=O)(=O)O)C5OS(=O)(=O)O)C(OS(=O)(=O)O)C4OS(=O)(=O)O)cc1,CM,1
4275,4275,Cn1c(=O)c2nc3sc4ccccc4c(=N)n3c2n(C)c1=O,CI,0
4276,4276,Cc1ccc(S(=O)(=O)c2ccsc2NC(=O)c2ccccc2)cc1,CI,0
4277,4277,N#CCCN(CCCN(C(=O)Nc1ccccc1)c1ccccc1)C(=O)Nc1ccccc1,CI,0
4278,4278,O=C(NCCc1ccccc1)C(=Cc1ccc(Cl)cc1Cl)NC(=O)c1ccccc1,CI,0
4279,4279,CCOc1cc(C2=NN3C(=S)NNC3=NN2)ccc1O,CM,1
4280,4280,Cc1cn(C2CC3C(COC(c4ccc([N+](=O)[O-])cc4)N3O)O2)c(=O)[nH]c1=O,CI,0
4281,4281,[N-]=[N+]=N[IH2]1OC(=O)c2ccccc21,CM,1
4282,4282,CNC(=O)c1ncn(C2OC(CO)C(O)C2O)n1,CI,0
4283,4283,CC12C(C(=O)O)C1(c1ccccc1)C2C(=O)O,CI,0
4284,4284,CC(C)CCCC(C)C1CCC2C3CCC4CC(CCCC(c5ccc(O)c(C(=O)O)c5)c5ccc(O)c(C(=O)O)c5)CCC4(C)C3CCC12C.[NaH],CM,1
4285,4285,COC(c1ccc(O)cc1)C1NC(=O)C(CCC(N)=O)N(C)C(=O)C(CC(C)C)NC(=O)C(CCCNC(=N)N)NC(=O)C(C(C)O)NC(=O)C(NC(=O)C(NC(=O)C(O)C(O)C(CCCNC(=N)N)NC(=O)C(C)NC(=O)C(C)C(O)C(C)CC(C)C)C(C)C(C)C(N)=O)C(C)OC(=O)C(C)N(C)C1=O,CM,1
4286,4286,CCCCNC(=O)Nc1c(C(N)=O)c2n(c1C(=O)OCC)CCCCC2,CI,0
4287,4287,Cn1c(=N)c(C#N)c2n(c1=S)CCCCCCC2,CI,0
4288,4288,Sc1nc(S)c2nc(Nc3ccccc3)sc2n1,CI,0
4289,4289,C[n+]1c(-c2ccc(C=NNC(=O)NN=Cc3ccc(-c4cn5ccccc5[n+]4C)cc3)cc2)cn2ccccc21.Cc1ccc(S(=O)(=O)O)cc1,CA,1
4290,4290,CO[IH2]1NC(=O)c2ccccc21,CM,1
4291,4291,Nc1c(S(=O)(=O)O)cc2cc(S(=O)(=O)O)ccc2c1N=Nc1ccc(CCc2ccc(N=Nc3c(N)c(S(=O)(=O)O)cc4cc(S(=O)(=O)O)ccc34)cc2S(=O)(=O)O)c(S(=O)(=O)O)c1.[NaH],CM,1
4292,4292,O=C1CSC(c2ccc(Cl)cc2Cl)N1c1ccc(Oc2ccc(Cl)cc2)c(Cl)c1,CI,0
4293,4293,COc1ccc(N2C=Nn3c(nc4sc(C)c(C)c4c3=O)C2)cc1,CI,0
4294,4294,CCOc1ccccc1NC(=O)CC(C(=O)OC)C(=O)C(=O)OC,CI,0
4295,4295,CC1CC2C(=O)OCC(NC(=O)C(Cc3ccccc3)NC(=O)C=CC=CC=CC=CC=CC(=O)NC3=C(O)CCC3=O)C(=O)N3CCCC3C(=O)N(C)C(C)C(=O)NC(C)C(=O)N2C1,CM,1
4296,4296,O=C(O)c1cc(O)c2ccc(N=Nc3ccc(C=Cc4ccc(N=Nc5ccc6c(O)cc(C(=O)O)nc6c5O)cc4S(=O)(=O)O)c(S(=O)(=O)O)c3)c(O)c2n1.[NaH],CA,1
4297,4297,CCc1c(C#N)c(S)nc2c1CCC2,CM,1
4298,4298,Cc1cccc2nc3nc(Cl)c(Cl)nc3n12,CI,0
4299,4299,Cc1noc(NS(=O)(=O)c2ccc(NC(=O)c3ccc4nc5ccccc5c(Nc5ccc(S(=O)(=O)Nc6onc(C)c6C)cc5)c4c3)cc2)c1C,CM,1
4300,4300,COc1cc2nc(CCc3nc4cc(OC)c(OC)cc4[nH]3)[nH]c2cc1OC,CM,1
4301,4301,O=c1oc2ccc([N+](=O)[O-])cc2cc1-c1csc(-c2ccccc2)n1,CI,0
4302,4302,Nc1c(S(=O)(=O)O)cc2cc(S(=O)(=O)O)ccc2c1N=Nc1ccc(C=Cc2ccc(N=Nc3c(N)c(S(=O)(=O)O)cc4cc(S(=O)(=O)O)ccc34)cc2S(=O)(=O)O)c(S(=O)(=O)O)c1.[NaH],CA,1
4303,4303,O=c1c2ccc(Br)cc2nc(-c2ccccc2)n1NC1OC(CO)C(O)C(O)C1O,CI,0
4304,4304,O=c1c2cc(-c3ccccc3)cnc2sn1-c1ccc(Oc2ccccc2)cc1,CM,1
4305,4305,Cc1ccc(C(=O)Nc2ccc(S(=O)(=O)O)c3cc(S(=O)(=O)O)cc(S(=O)(=O)O)c23)cc1NC(=O)c1cccc(NC(=S)Nc2cccc(C(=O)Nc3cc(C(=O)Nc4ccc(S(=O)(=O)O)c5cc(S(=O)(=O)O)cc(S(=O)(=O)O)c45)ccc3C)c2)c1.[NaH],CM,1
4306,4306,COc1cccc2c1C(=O)c1c(O)c3c(c(O)c1C2=O)CC(O)(C(=O)CO)CC3OC1CC(N2CCOCC2C#N)C(O)C(C)O1,CI,0
4307,4307,O=C(C=Cc1ccc2c(c1)OCO2)c1ccccc1,CI,0
4308,4308,CCOc1ccc(NC(=O)CCC(=O)NN)cc1,CI,0
4309,4309,O=C1C(O)=C(C(C2=C(O)C(=O)c3ccccc3C2=O)c2ccc(Cl)c(Cl)c2)C(=O)c2ccccc21,CI,0
4310,4310,CCOC(=O)C(C(=O)c1ccccc1)=C1NCCN1,CM,1
4311,4311,Cc1cc(S(=O)(=O)Nc2nc3cscc3c(=O)n2N)c(S)cc1Cl,CM,1
4312,4312,CN(C)c1ncnc2c1ncn2C1OC(CO)CC1F,CM,1
4313,4313,CC1(c2nc3ccccc3[nH]2)CCC(C#N)C(C)(C)O1,CI,0
4314,4314,O=C(O)c1cc(O)cc(O)c1N=Nc1ccc(C=Cc2ccc(N=Nc3c(O)cc(O)cc3C(=O)O)cc2S(=O)(=O)O)c(S(=O)(=O)O)c1.[NaH],CA,1
4315,4315,COC(=O)c1cc(Cc2cc(C)c(OC)c(C(=O)OC)c2)cc(C)c1OC,CI,0
4316,4316,Fc1ccccc1-c1nn2c(C34CC5CC(CC(C5)C3)C4)nnc2s1,CI,0
4317,4317,Cc1nn(C(=O)Cc2ccccc2)c2c1C(c1ccc([N+](=O)[O-])cc1)SC(=N)N2,CM,1
4318,4318,O=C1NC2CS(=O)(=O)CC2N1,CI,0
4319,4319,COc1ccc(-c2nc3ccccc3c(=S)n2OC(C)=O)cc1,CI,0
4320,4320,CCOC(=O)N1C=NC23C(c4ccccc4)C(c4ccccc4)C12C(=O)N(C)C(=O)N3C,CI,0
4321,4321,CCCCOC(=O)c1cc(C(=CCCC2CCC3(C)C(CCC4C3CCC3(C)C(C(C)CCCC(C)C)CCC43)C2)c2cc(Cl)c(O)c(C(=O)OCCCC)c2)cc(Cl)c1O,CI,0
4322,4322,COc1ccc(NC(=O)C2=CC(=O)c3ccc(O)cc3C2=O)c(OC)c1,CM,1
4323,4323,CCCCCCCCCC=C(c1cc(Cl)c(O)c(C(=O)O)c1)c1cc(Cl)c(O)c(C(=O)O)c1.N,CM,1
4324,4324,CC12CCC3(CC1C(=O)CCC2OCc1ccccc1)OCCO3,CM,1
4325,4325,O=c1c(-c2ccccc2)c(O)[nH]c2nc3ccccc3n12,CI,0
4326,4326,COc1ccc(-c2cc(=O)c3c(C)cc(O)cc3o2)cc1,CM,1
4327,4327,Cc1cc2ccc3c(c2oc1=O)C(OC(=O)C12CCC(C)(C(=O)O1)C2(C)C)C(OC(=O)C12CCC(C)(C(=O)O1)C2(C)C)C(C)(C)O3,CA,1
4328,4328,CC1(C)CC(=O)C2=C(C1)NC(SSC1=C(C#N)C(c3ccc(Br)cc3)C3=C(CC(C)(C)CC3=O)N1)=C(C#N)C2c1ccc(Br)cc1,CM,1
4329,4329,Cn1c(=O)c2c(nc3n2CCC(=O)N3CCCCl)n(C)c1=O,CI,0
4330,4330,Cc1cn(C2CC3C(COCN3O)O2)c(=O)[nH]c1=O,CM,1
4331,4331,CNC(=O)SC1=Nc2cc(Cl)ccc2S(=O)(O)=N1,CM,1
4332,4332,Nc1nc(-c2ccccc2)nc2nc3c(nc12)-c1cccc2cccc-3c12,CI,0
4333,4333,COc1cccc(C2SC(=N)Nc3c2c(C)nn3C(=O)Cc2ccccc2)c1,CM,1
4334,4334,COc1ccc(-n2sc3ncccc3c2=O)cc1,CM,1
4335,4335,CC(=O)C1CC2=C(CCC1=O)CCC1(CC2)OCCO1,CI,0
4336,4336,Oc1ccc(C2Oc3cc(O)cc(C4c5c(cc(O)cc5C5C(c6ccc(O)cc6)OC(c6ccc(O)cc6)C5c5cc(O)cc(O)c5)OC4c4ccc(O)cc4)c3C2c2cc(O)cc(O)c2)cc1,CM,1
4337,4337,C=C(C)COc1cc(NC(=S)OC(C)C)ccc1Cl,CA,1
4338,4338,CCc1c(Cc2cc(C)cc(C)c2)n(COCCC[Se]c2ccccc2)c(=O)[nH]c1=O,CA,1
4339,4339,CCN(CC)CCn1c2c3ccccc3ccc2c2oc(=O)c3ccccc3c21.Cl,CI,0
4340,4340,O=C(O)C1=C(C(=O)Nc2ccc(NC(=O)C3=C(C(=O)O)C4C=CC3C4)cc2)C2C=CC1C2,CI,0
4341,4341,O=S(=O)(O)c1cc(NC(=S)c2ccc3cccnc3c2O)ccc1C=Cc1ccc(NC(=S)c2ccc3cccnc3c2O)cc1S(=O)(=O)O.[NaH],CM,1
4342,4342,CCOC(=O)C1=C(C)C2C3C(=O)OC(=O)C3C1(C)C1C(=O)OC(=O)C21,CI,0
4343,4343,CCc1c(Cc2cc(C)cc(C)c2)n(COCCC[Se]c2ccccc2)c(=O)[nH]c1=O,CA,1
4344,4344,CC(=O)OCC1OC(n2cnc3nc(Br)nc(O)c32)C(OC(C)=O)C1OC(C)=O,CM,1
4345,4345,COc1ccc(NC(=O)C(=O)c2c(O)c3ccc(O)cc3oc2=O)c([N+](=O)[O-])c1,CI,0
4346,4346,O=C(O)c1ccc(-n2[se]c3ccccc3c2=O)cc1,CM,1
4347,4347,Cn1c(=O)n2n(c1=O)C1C3C4C3C3C5(COCC135)C42,CI,0
4348,4348,CC(=O)c1c(-c2cccc3ccccc23)c(C#N)c(=S)n(C2OC(CO)C(O)C(O)C2O)c1C,CI,0
4349,4349,CC1CCn2c(=S)[nH]c3cccc(c32)N1,CM,1
4350,4350,CC[Sn](Cl)(Cl)CC,CI,0
4351,4351,O=C(Cn1c2ccc(Br)cc2c2nc3ccccc3nc21)NNC(=O)NC1CCCCC1,CI,0
4352,4352,Cc1ccc2nc(NC(=O)C(=O)C(C#N)c3ccc(Cl)cc3)sc2c1,CI,0
4353,4353,OC1=CN=COc2ccccc21,CI,0
4354,4354,C=C(C)C1CCC2(C)CCC3(C)C(C)(CCC4C5(C)CCC(OC(=O)CCC(=O)O)C(C)(C)C5CCC43C)C12,CM,1
4355,4355,CCOC(=O)C12C3C=CC(CC3)C1(C(=O)c1ccccc1)C(=O)C(=O)N2c1ccccc1,CI,0
4356,4356,CC(C)C(C(=O)N(C)C(Cc1ccccc1)C(=O)N(C)C(C(=O)N(C)C(C(=O)N1CCCC1C(=O)OC(C)(C)C)C(C)C)C(C)C)N(C)C,CM,1
4357,4357,COCOc1c(C(OCOC)c2cnc(Sc3ccccc3)n2C)ccc(OC)c1OC,CI,0
4358,4358,CC(C)CCCC(C)C1CCC2C3CCC4CC(CCC=C(c5cc(Cl)c(OCc6cccc(C(=O)O)c6)c(C(=O)O)c5)c5cc(Cl)c(OCc6cccc(C(=O)O)c6)c(C(=O)O)c5)CCC4(C)C3CCC12C.[NaH],CA,1
4359,4359,O=c1cc2ccccc2nn1Cc1cccc(Cl)c1,CM,1
4360,4360,O=C(NNC(=S)Nc1ccccc1)c1nsc2ccccc12,CI,0
4361,4361,CC1(C)CNCC(C)(OCc2ccccc2)C(=O)NC(C)(C)CNCC(C)(OCc2ccccc2)C(=O)N1,CM,1
4362,4362,CC(c1ccccc1)N1C(=O)C(O)C1C(CO)OCc1ccccc1,CI,0
4363,4363,O=C(ON=C1c2ccccc2C(Br)C(Br)c2ccccc21)c1ccccc1,CI,0
4364,4364,O=C(CC1(O)C(=O)Nc2c(Cl)cc(Cl)cc21)c1ccc(Cl)cc1,CI,0
4365,4365,O=C(O)CNC(=O)Cn1[se]c2ccccc2c1=O,CM,1
4366,4366,N#Cc1c(Cl)c2cccnc2n2c1nc1ccccc12,CI,0
4367,4367,Cc1ccc2c(c1)c1ccc3c(c1n2C)C(=O)C=CC3=O,CI,0
4368,4368,COC(=O)C1=NC(=N)N=C(C(=O)OC)C12C(=O)Cc1ccccc12,CM,1
4369,4369,CCCC(=O)C(CC)C(CCC(=O)N(Cc1ccccc1)Cc1ccccc1)=NNC(=O)C[N+](C)(C)C.[Cl-],CI,0
4370,4370,O=C1c2cccn2-c2ccccc2OC1(CC1CC1)c1ccccc1,CI,0
4371,4371,CC1=CC(=O)C(=C(C)C)CC1,CI,0
4372,4372,c1ccc(COc2nc3cc(C45CC6CC(CC(C6)C4)C5)ccc3[nH]2)cc1,CI,0
4373,4373,CCN(CC)CC1CCCCN1CC(=O)N1CC(C)C(=O)Nc2ccccc21,CM,1
4374,4374,Nc1nc(Cl)cc(NCC2(CO)CCC(OCc3ccccc3)C2)n1,CM,1
4375,4375,CC(=O)Nc1cccc(S(=O)(=O)c2cccc(NC(=O)c3ccccc3SC(=O)CCCC[n+]3ccccc3)c2)c1.[Br-],CM,1
4376,4376,COc1ccc(NC(S)=C(C(=O)c2ccc([N+](=O)[O-])cc2)[n+]2ccc(C(C)C)cc2)cc1,CI,0
4377,4377,FC(F)(F)C1(c2ccccc2)SCc2nc3ccccc3n21,CM,1
4378,4378,Cc1cc(OC(F)(F)c2nc3ccccc3o2)cc(C)c1C,CM,1
4379,4379,COc1ccc(C=C(C#N)c2cccnc2)cc1OC,CI,0
4380,4380,O=C(O)c1ccccc1P(=O)(O)c1ccccc1,CI,0
4381,4381,C[N+](C)(C)C.O=C(Nc1ccc(C=Cc2ccc(NC(=O)c3cc(S(=O)(O)=[OH+])ccc3O)cc2S(=O)(O)=[OH+])c(S(=O)(O)=[OH+])c1)c1cc(S(=O)(O)=[OH+])ccc1O,CM,1
4382,4382,Cc1ccccc1C1OC(=O)c2ccc3ccccc3c21,CA,1
4383,4383,C=CC(C)(O)CN(C=O)Cc1ccccc1,CI,0
4384,4384,CCC12C=CCN3CCC4(C(=C(C(=O)OC)C1)Nc1ccccc14)C32,CI,0
4385,4385,Cn1c2ccc(F)cc2c2ccc3c(c21)C(=O)C=CC3=O,CI,0
4386,4386,COc1cc2ccc(C(=O)NCCCNC(=O)c3ccc4cc(OC)c(OC)cc4c3)cc2cc1OC,CM,1
4387,4387,CCC(C)OC(=O)C(Br)=C1OC(=O)c2ccccc2-c2ccccc21,CI,0
4388,4388,O=C(O)CCSCc1cc(C(=O)Nc2ccc(C=Cc3ccc(NC(=O)c4cc(CSCCC(=O)O)c5ccccc5c4O)cc3S(=O)(=O)O)c(S(=O)(=O)O)c2)c(O)c2ccccc12.[NaH],CM,1
4389,4389,CNC(=O)c1nn[nH]c1Sc1c([N+](=O)[O-])ncn1C,CI,0
4390,4390,C=C1C(=O)OC2CC(C)C3CC(O)OC(OCC)C3(C)CC12,CI,0
4391,4391,COc1ccc(C2OC(N)=C(C#N)C3=C2C(C)CCC3)cc1OC,CM,1
4392,4392,COC(=O)c1nc(-c2ccc(Cl)c(Cl)c2)nc2ccccc12,CI,0
4393,4393,CCN(CC)CCCn1c(=O)c2cccnc2n2c3c(=O)n(C)c(=O)n(C)c3nc12,CM,1
4394,4394,COc1ccc2c(c1)OCC1c3cc(O)c(OCc4ccccc4)cc3OC21C,CI,0
4395,4395,O=c1[nH]c(=O)n(C2OC(CO)C(O)C(F)C2O)cc1F,CM,1
4396,4396,Cc1cc2c(cc1Cl)Sc1nccn1S2(=O)=O,CM,1
4397,4397,O=C(CCc1ccc(O)cc1)NCCc1cccc(O)c1,CM,1
4398,4398,CC(=O)OC1C(=O)OC2COC(c3ccccc3)OC21,CI,0
4399,4399,O=c1ccn2n1Cc1ccccc1C2,CI,0
4400,4400,COc1ccccc1N1C(=O)CSC1c1c[nH]c2ccccc12,CI,0
4401,4401,CCC1NC(=O)C(C(O)C(C)C)N(C)C(=O)C(C(C)C)N(C)C(=O)C(CC(C)C)N(C)C(=O)C(CC(C)C)N(C)C(=O)C(C)NC(=O)C(CCCCNC(=O)OCc2ccccc2Cl)NC(=O)C(CC(C)C)N(C)C(=O)C(C(C)C)NC(=O)C(CC(C)C)N(C)C(=O)C(CO)N(C)C1=O,CM,1
4402,4402,COCC(O)Cn1ccnc1[N+](=O)[O-],CI,0
4403,4403,CC(C)(C)C1=CC(=Nc2ccc([N+](=O)[O-])cc2[N+](=O)[O-])C=C(C(C)(C)C)C1=O,CI,0
4404,4404,COC(=O)C1(C)CCc2c(OC)ccc(OC)c2C1=O,CM,1
4405,4405,CCCCN(CCCC)[Cr](C#[O+])(C#[O+])(C#[O+])(C#[O+])C#[O+],CI,0
4406,4406,N#Cc1ncoc1N,CI,0
4407,4407,CCOC(=O)C(=Cc1c(C)[nH]c2ccccc12)P(=O)(OCC)OCC,CM,1
4408,4408,Cl.Cn1cc(NC(=O)c2cc(NC(=O)CCCCCC(=O)Nc3cc(C(=O)Nc4cc(C(=O)NCCC(=N)N)n(C)c4)n(C)c3)cn2C)cc1C(=O)NCCC(=N)N,CM,1
4409,4409,COC1(C)C(=O)NC(=O)N(C2C=CC(CO)O2)C1O,CA,1
4410,4410,O=Cc1cc(C(=O)Nc2ccc(C=Cc3ccc(NC(=O)c4cc(C=O)c5cccnc5c4O)cc3S(=O)(=O)O)c(S(=O)(=O)O)c2)c(O)c2ncccc12.[NaH],CM,1
4411,4411,CN1C2CCC1CC1(C2)SCCS1,CI,0
4412,4412,CCN1CN(c2ccccc2)C2(CCN(CC(CC3OCCO3)c3ccc(F)cc3)CC2)C1=O.Cl,CI,0
4413,4413,NS(=O)(=O)c1ccc(NN=C2C(=O)N(c3ccccc3)N(c3ccccc3)C2=O)cc1,CI,0
4414,4414,COC(=O)C(Cn1cnc2c(N)ncnc21)P(=O)(OC)OC,CI,0
4415,4415,COC(=O)C(Cc1c[nH]c2ccccc12)NP(=O)(O)OCC1C=CC(n2cc(C)c(=O)[nH]c2=O)O1.N,CA,1
4416,4416,C=CCC1(C(C)Cc2ccc(OC)c(OC)c2)CC(OC)C=CC1=O,CM,1
4417,4417,Cc1ccc(-c2csc(=Nc3c(C)n(C)n(-c4ccccc4)c3=O)n2CCO)cc1,CI,0
4418,4418,Cc1cc(C)nc(SC(F)(F)c2nc3ccccc3o2)n1,CA,1
4419,4419,CCOc1ncn(-c2ccc(NC(=S)Nc3cnccn3)cc2)n1,CM,1
4420,4420,CCCOc1ccc(C(Cl)=C(C=O)c2ccc(OC)c(OC)c2)cc1OCCC,CI,0
4421,4421,CC(=O)OCC1CC(n2cc(C)c(=O)[nH]c2=O)=NO1,CI,0
4422,4422,CCc1cc2c(cc1CCCC(=O)O)CC1(Cc3ccc(C(=O)O)cc3C1)C2,CI,0
4423,4423,Cc1cn(C2CC(N=[N+]=[N-])C(COP(=O)(O)OCC3CCC(n4ccc(=N)[nH]c4=O)O3)O2)c(=O)[nH]c1=O,CA,1
4424,4424,N#CC1=C(C#N)CCC2(C#N)C3C=CC(O3)C2(C#N)CC1,CI,0
4425,4425,CN1CCN(c2ccc3c(c2)NCC(=O)N3)CC1,CI,0
4426,4426,NC(=S)Nc1nc(S)nc2[nH]ccc12,CM,1
4427,4427,Cc1cc(S(=O)(=O)Nc2nnc3cc(C(F)(F)F)cc(C)n23)c(S)cc1Cl,CM,1
4428,4428,CNn1c(-c2ccc(C)cc2)n[nH]c1=O,CM,1
4429,4429,COC(=O)C1(C)CCc2c(OC)ccc(OC)c2C1=O,CM,1
4430,4430,CCC[N+](CCC)(CCC)CCC.O=S(O)(=[OH+])c1cc(N=Nc2cc(S(=O)(O)=[OH+])c3cccnc3c2O)ccc1C=Cc1ccc(N=Nc2cc(S(=O)(O)=[OH+])c3cccnc3c2O)cc1S(=O)(O)=[OH+],CA,1
4431,4431,Cc1ccc(S(=O)c2ccccc2[N+](=O)[O-])cc1,CM,1
4432,4432,Cl.N=C(N)c1ccc(C(NC(=O)CNS(=O)(=O)c2ccc3ccccc3c2)P(=O)(Oc2ccccc2)Oc2ccccc2)cc1,CM,1
4433,4433,CCN(CC)C(=O)NC(Cc1ccccc1)C(=O)NC,CI,0
4434,4434,COc1ccc(C(=O)CC2(O)C(=O)N(CN3CCOCC3)c3ccc(Br)cc32)cc1,CI,0
4435,4435,CC(=O)NS(=O)(=O)c1ccc(NC(=O)c2ccccc2SC(=O)CCCC[n+]2ccccc2)cc1.[Br-],CA,1
4436,4436,CCCCCCC.CN1C(=O)CN=C(c2ccc[nH]2)c2cc(Cl)ccc21,CM,1
4437,4437,CC(C)CCCC(C)C1CCC2C3CCC4CC(CCC=C(c5cc(Cl)c(OCc6ccccc6C(=O)O)c(C(=O)O)c5)c5cc(Cl)c(OCc6ccccc6C(=O)O)c(C(=O)O)c5)CCC4(C)C3CCC12C,CM,1
4438,4438,CNc1ccc(Cl)cc1S(=O)(=O)c1ccccc1[N+](=O)[O-],CA,1
4439,4439,O=[N+]([O-])C=C(CS(=O)(=O)c1ccccc1)c1ccc2c(c1)OCO2,CM,1
4440,4440,CC(C)(C)C1CCC2(N3CCOCC3)C(C#N)CC2C1,CI,0
4441,4441,O=c1[nH]nc(Cc2ccccc2)n1N=Cc1ccncc1,CM,1
4442,4442,Cc1n[nH]c(=O)n1N1C(=O)c2ccccc2C1=O,CI,0
4443,4443,CC(=O)CCC#Cc1ccccc1C(=O)C(C)=[N+]=[N-],CI,0
4444,4444,Cc1cccc(NC2=NCCO2)c1Cl,CI,0
4445,4445,CCC1CC2CC3c4[nH]c5ccc(O)cc5c4CCN(C2)C13.Cl,CM,1
4446,4446,Cc1cccc(C)c1NC(=O)C(=O)C(c1ccccc1Cl)S(=O)(=O)Cc1ccccc1Cl,CM,1
4447,4447,COC(=O)C(Cc1c[nH]c2ccccc12)NP(=O)(OC)OCC1OC(n2cc(C)c(=O)[nH]c2=O)CC1N=[N+]=[N-],CM,1
4448,4448,COc1ccc(C2=Nc3c(O)nc(OC)nc3NC(c3ccccc3)C2)cc1,CI,0
4449,4449,O=C1NNC(=O)c2ccccc2SSc2ccccc2C(=O)NNC(=O)c2ccccc2SSc2ccccc21,CM,1
4450,4450,COc1ccc2cc3[n+](cc2c1OC)CCc1cc2c(cc1-3)OCO2.[Cl-],CM,1
4451,4451,Cc1cn(C2CC(N=[N+]=[N-])C(COP(=O)(O)OCC3CCC(n4ccc(=N)[nH]c4=O)O3)O2)c(=O)[nH]c1=O,CA,1
4452,4452,O=c1c2ccccc2c(=O)n2n1C1CCC2C1,CI,0
4453,4453,ClC1=NN=C(c2c[nH]c3ccccc23)CC1NCc1ccccc1,CI,0
4454,4454,CN(C)C=Nc1nc(=O)n(C2CCC(CO)O2)cc1F,CA,1
4455,4455,COP(C)(=O)C(N)Cc1ccccc1.O=[N+]([O-])c1cc([N+](=O)[O-])c(O)c([N+](=O)[O-])c1,CM,1
4456,4456,C=C(C)C1CCC2(C(=O)O)CCC3(C)C(CCC4C5(C)CCC(C(=O)C=Cc6ccc(O)c(O)c6)C(C)(C)C5CCC43C)C12,CI,0
4457,4457,Cc1nn(C)c2c1NC(=O)CS2,CI,0
4458,4458,O=C(CCc1nnc2sc(=Cc3ccc(Cl)cc3Cl)c(=O)n12)Nc1cc(Cl)c(Cl)cc1Cl,CI,0
4459,4459,CN(C)C1C(O)=C(C(=O)NCN2CCOB(c3ccccc3)OCC2)C(=O)C2(O)C(O)=C3C(=O)C4C(O)=CC=CC4C(C)(O)C3CC12,CM,1
4460,4460,Cn1cc(NC(=O)c2cc(NC(=O)Nc3cc(C(=O)Nc4cc(C(=O)Nc5ccc6cc(S(=O)(=O)O)cc(S(=O)(=O)O)c6c5)n(C)c4)n(C)n3)nn2C)cc1C(=O)Nc1ccc2cc(S(=O)(=O)O)cc(S(=O)(=O)O)c2c1.[NaH],CA,1
4461,4461,CCCCCCCCCC=C(c1cc(Br)c(O)c(C(=O)O)c1)c1cc(Br)c(O)c(C(=O)O)c1.N,CM,1
4462,4462,COc1c(Cl)cc(C(=CCCC2CCC3(C)C(CCC4C3CCC3(C)C(C(C)CCCC(C)C)CCC43)C2)c2cc(Cl)c(OC)c(C(=O)O)c2)cc1C(=O)O.N,CA,1
4463,4463,Nc1cc(Nc2ccc(Cl)nc2S)nc(N)n1,CI,0
4464,4464,O=C1C2C3SC(c4c3ccc3ccccc43)C2C(=O)N1c1ccccc1,CI,0
4465,4465,O=C(c1ccc(Cl)cc1)N(C(=O)N1CCCCC1)c1ccccc1,CI,0
4466,4466,Cl.Cn1cc(N)cc1C(=O)Nc1cc(C(=O)Nc2cc(S(=O)(=O)O)c3cc(S(=O)(=O)O)cc(S(=O)(=O)O)c3c2)n(C)c1.[NaH],CM,1
4467,4467,N=C(CSS(=O)(=O)O)NCCSS(=O)(=O)O,CI,0
4468,4468,O=C(Cc1nc2ccc(C(=O)c3ccccc3)cc2nc1O)C(=O)Nc1ccccc1[N+](=O)[O-],CI,0
4469,4469,O=C(c1ccccc1)C1C(=O)c2ccccc2C1=O,CI,0
4470,4470,O=C(O)c1ccc(-n2[se]c3ccccc3c2=O)cc1,CM,1
4471,4471,Fc1cccc(F)c1C1SCc2nc3ccccc3n21,CA,1
4472,4472,c1ccc2sc(SSSc3nc4ccccc4s3)nc2c1,CM,1
4473,4473,CCOC(=O)c1c(SCc2cc(O)nc(O)n2)n(-c2ccccc2)c(=S)n(-c2ccccc2)c1=O,CM,1
4474,4474,O=C1Nc2ccccc2C(=O)C1=CNC(=S)NCc1ccccc1,CI,0
4475,4475,Nc1ccc(C=Cc2ccc(NC(=O)c3cc(S(=O)(=O)O)c4cccnc4c3O)cc2S(=O)(=O)O)c(S(=O)(=O)O)c1.[NaH],CM,1
4476,4476,C[n+]1c(-c2ccc(NC(=O)c3ccc(C(=O)Nc4ccc(-c5cn6ccccc6[n+]5C)cc4)cc3)cc2)cn2ccccc21.Cc1ccc(S(=O)(O)=[OH+])cc1,CM,1
4477,4477,CCCCCCCCCCCCCCCC(=O)Nc1ccn(C2CSC(COP(=O)(O)OC3CC(n4ccc(NC(=O)CCCCCCCCCCCCCCC)nc4=O)OC3CO)O2)c(=O)n1,CA,1
4478,4478,CCOC(=O)C(=O)C=P(c1ccccc1)(c1ccccc1)c1ccccc1,CM,1
4479,4479,COc1cc(C=CC(=O)c2ccccc2)cc(OC)c1OC,CI,0
4480,4480,Cc1cc2c(C(C)C)c(O)c(O)c(C=Nc3ccc4ccccc4c3)c2c(O)c1-c1c(C)cc2c(C(C)C)c(O)c(O)c(C=Nc3ccc4ccccc4c3)c2c1O,CI,0
4481,4481,COc1cc(C2Oc3c(OC)cc(C=CC(=O)O)cc3C2C(=O)O)ccc1O,CM,1
4482,4482,N=C(CSS(=O)(=O)O)NCC1CC2CCC1C2,CI,0
4483,4483,COC1C=COC2(C)Oc3c(C)c(O)c4c(O)c(c(C=NOCCO)c(O)c4c3C2=O)NC(=O)C(C)=CC=CC(C)C(O)C(C)C(O)C(C)C(OC(C)=O)C1C,CM,1
4484,4484,Cc1ccc(-c2cc(-c3ccccc3)c(C#N)c(=O)n2C2OC(CO)C(O)C(O)C2O)cc1,CM,1
4485,4485,COC1C=COC2(C)Oc3c(C)c(O)c4c(O)c(cc(OCC(=O)N(C)C5CCCC5)c4c3C2=O)NC(=O)C(C)=CC=CC(C)C(O)C(C)C(O)C(C)C(OC(C)=O)C1C,CI,0
4486,4486,COc1ccccc1C=C(C#N)c1ccccc1,CI,0
4487,4487,CCOC(=O)NC(Nc1ccc(F)c(F)c1)(C(=O)OCC)C(F)(F)F,CI,0
4488,4488,CC(=O)Nc1nc2c(=O)c3ccccc3sc2s1,CI,0
4489,4489,OC12c3ccccc3C1(N1CCOCC1)CCCCC21OCCCO1,CM,1
4490,4490,COC(=O)C12CC3CC(CC(NC(=O)C(Cc4ccccc4)NC(=O)CN)(C3)C1)C2,CI,0
4491,4491,Cc1cc(C)c2cc(N)c(Cl)nc2n1,CI,0
4492,4492,CC1(Br)C(=O)NC(=O)N(C2CC(F)C(CO)O2)C1N=[N+]=[N-],CA,1
4493,4493,CCOC(=O)C(C(=O)c1ccccc1)=C1NCCN1,CM,1
4494,4494,CC(=O)OCC1OC(Nc2cc(=O)n(C)c(=O)[nH]2)C(OC(C)=O)C(OC(C)=O)C1OC(C)=O,CI,0
4495,4495,Cn1[nH]c(=N)c2cn(C3OC(CO)C(O)C3O)c3ncnc1c23,CM,1
4496,4496,NC(=O)C1=N[NH+]([Co-4](N)(N)(N)(N)N)N=N1.[Cl-],CI,0
4497,4497,O=S1(=O)Cc2nc3ccccc3n2C1c1c(F)cccc1F,CM,1
